<?xml version="1.0"?>
<workshop><title><id>c2j9h7d3i8f5e4g6</id><acronym>TEST</acronym><volume>TEST</volume><full>TEST</full></title><number>TEST</number><homepage>http://localhost/ceur-make-ui/CeurMakeGUI/index/PublishPage.html</homepage><language>ab</language><location>TEST</location><date>2002-02-02</date><conference><acronym>TEST</acronym><full>TEST</full><homepage>http://localhost/ceur-make-ui/CeurMakeGUI/index/PublishPage.html</homepage></conference><editors><editor><name>TEST</name><affiliation>TEST</affiliation><country>Afghanistan</country><homepage>http://localhost/ceur-make-ui/CeurMakeGUI/index/PublishPage.html</homepage></editor></editors></workshop>
