<?xml version="1.0"?>
<workshop><title><id>f5d3h7f5f5i8d3</id><acronym>TEST</acronym><volume>TEST</volume><full>TEST</full></title><number>2</number><homepage>http://localhost/ceur-make-ui/CeurMakeGUI/index/PublishPage.html</homepage><language>ab</language><location>ETEST</location><date>2002-02-02</date><conference><acronym>TET</acronym><full>TEST</full><homepage>http://localhost/ceur-make-ui/CeurMakeGUI/index/PublishPage.html</homepage></conference><editors><editor><name>TEST</name><affiliation>TEST</affiliation><country>Afghanistan</country><homepage>http://localhost/ceur-make-ui/CeurMakeGUI/index/PublishPage.html</homepage></editor></editors></workshop>
