<?xml version="1.0"?>
<workshop><title><id>3213</id><acronym>DSADSA</acronym><volume>sdadsa</volume><full>dasdas</full></title><number>Vol-123</number><homepage>http://localhost/ceur-make-ui/CeurMakeGUI/index/PublishPage.html</homepage><language>ab</language><location>dssda</location><date>2009-09-09</date><conference><acronym>AERRE</acronym><full>dsada</full><homepage>http://localhost/ceur-make-ui/CeurMakeGUI/index/PublishPage.html</homepage></conference><editors><editor><name>ddsa</name><affiliation>ddasdsa</affiliation><country>Afghanistan</country><homepage>http://localhost/ceur-make-ui/CeurMakeGUI/index/PublishPage.html</homepage></editor></editors></workshop>
