<?xml version="1.0"?>
<workshop><title><id>1234</id><acronym>TEST</acronym><volume>TEST</volume><full>TEST</full></title><number>Vol-121231</number><homepage>http://localhost/ceur-make-ui/CeurMakeGUI/index/publishPage.php</homepage><language>ab</language><location>TEST</location><date>2019-05-23</date><conference><acronym/><full/><homepage/></conference><editors><editor><name>a&#xE4;&#xE4;ff</name><affiliation/><country>Afghanistan</country><homepage>http://localhost/ceur-make-ui/CeurMakeGUI/index/publishPage.php</homepage></editor></editors></workshop>
