<?xml version="1.0"?>
<workshop><title><id>21123</id><acronym>TEST</acronym><volume>wew</volume><full>weqew</full></title><number>2</number><homepage>http://localhost/ceur-make-ui/CeurMakeGUI/index/PublishPage.html</homepage><language>ab</language><location>TEST</location><date>2002-02-02</date><conference><acronym>TEST</acronym><full>TESt</full><homepage>http://localhost/ceur-make-ui/CeurMakeGUI/index/PublishPage.html</homepage></conference><editors><editor><name>TEST</name><affiliation>ETST</affiliation><country>Afghanistan</country><homepage>http://localhost/ceur-make-ui/CeurMakeGUI/index/PublishPage.html</homepage></editor></editors></workshop>
