<?xml version="1.0"?>
<workshop><title><id>12</id><acronym>TEST</acronym><volume>TESt</volume><full>TESt</full></title><number>Vol-2123</number><homepage>http://localhost/ceur-make-ui/CeurMakeGUI/index/publishPage.php</homepage><language>ab</language><location>TESt</location><date>2002-02-02</date><conference><acronym/><full/><homepage/></conference><editors><editor><name>TESt</name><affiliation>TESt</affiliation><country>&#xC5;land Islands</country><homepage>http://localhost/ceur-make-ui/CeurMakeGUI/index/publishPage.php</homepage></editor></editors></workshop>
