<?xml version="1.0"?>
<workshop><title><id>a0d3e4a0d3e4f5g6</id><acronym>TEST</acronym><volume>TEST</volume><full>TEST</full></title><number>3</number><homepage>http://localhost/ceur-make-ui/CeurMakeGUI/index/PublishPage.html</homepage><language>ab</language><location>TEST</location><date>2002-02-02</date><conference><acronym>TEST</acronym><full>TEST</full><homepage>http://localhost/ceur-make-ui/CeurMakeGUI/index/PublishPage.html</homepage></conference><editors><editor><name>TEST</name><affiliation>TEST</affiliation><country>Afghanistan</country><homepage>http://localhost/ceur-make-ui/CeurMakeGUI/index/PublishPage.html</homepage></editor></editors></workshop>
