<?xml version="1.0"?>
<workshop><title><id>5656</id><acronym>TEAT</acronym><volume>TESt</volume><full>TESt</full></title><number>2</number><homepage>http://localhost/ceur-make-ui/CeurMakeGUI/index/PublishPage.html</homepage><language>ab</language><location>TESt</location><date>2002-02-02</date><conference><acronym>TEST</acronym><full>TESt</full><homepage>http://localhost/ceur-make-ui/CeurMakeGUI/index/PublishPage.html</homepage></conference><editors><editor><name>TEST</name><affiliation>TEST</affiliation><country>Afghanistan</country><homepage>http://localhost/ceur-make-ui/CeurMakeGUI/index/PublishPage.html</homepage></editor></editors></workshop>
