<toc>
    <paper>
        <title>Efficient Instantiation Techniques in SMT (Work In Progress)</title>
        <pages from="1" to="10"/>
        <authors>
            <author>Haniel Barbosa</author>
        </authors>
    </paper>
    <paper>
        <title>Alternative treatments of common binary relations in first-order automated reasoning</title>
        <pages from="11" to="23"/>
        <authors>
            <author>Koen Claessen</author>
            <author>Ann Lillieström</author>
        </authors>
    </paper>
    <paper>
        <title>No Choice: Reconstruction of First-order ATP Proofs without Skolem Functions</title>
        <pages from="24" to="31"/>
        <authors>
            <author>Michael Färber</author>
            <author>Cezary Kaliszyk</author>
        </authors>
    </paper>
    <paper>
        <title>Deduction as a Service</title>
        <pages from="32" to="40"/>
        <authors>
            <author>Mohamed Hassona</author>
            <author>Stephan Schulz</author>
        </authors>
    </paper>
</toc>
