<?xml version="1.0"?>
<workshop><title><id>124</id><acronym>TEST</acronym><volume>TEST</volume><full>TEST</full></title><number>Vol-234</number><homepage>http://localhost/ceur-make-ui/CeurMakeGUI/index/easyChairUpload.php</homepage><language>ab</language><location>TEST</location><date>2002-02-02</date><conference><acronym>TEST</acronym><full>TEST</full><homepage>http://localhost/ceur-make-ui/CeurMakeGUI/index/easyChairUpload.php</homepage></conference><editors><editor><name>TEST</name><affiliation>TEST</affiliation><country>Afghanistan</country><homepage>http://localhost/ceur-make-ui/CeurMakeGUI/index/easyChairUpload.php</homepage></editor></editors></workshop>
