<?xml version="1.0"?>
<workshop><title><id>2313</id><acronym>IEEE</acronym><volume>skdadsldjlasjdl</volume><full>ldjadlajljdljsjdllajldjlsa</full></title><number>Vol-222222222</number><homepage>http://localhost/ceur-make-ui/CeurMakeGUI/index/PublishPage.html</homepage><language>ab</language><location>asdadsasdadasdsasdsdsdas</location><date>2222-09-09</date><conference><acronym>ERERER</acronym><full>dsadas</full><homepage>http://localhost/ceur-make-ui/CeurMakeGUI/index/PublishPage.html</homepage></conference><editors><editor><name>dadssadsaasd</name><affiliation>dsadasdsa</affiliation><country>Afghanistan</country><homepage>http://localhost/ceur-make-ui/CeurMakeGUI/index/PublishPage.html</homepage></editor></editors></workshop>
