<?xml version="1.0"?>
<workshop><title><id>1231321</id><acronym>XXXXXXXXXXXXXXXXXXXXX</acronym><volume>ROHAN TODAY WE</volume><full>ROHAN TODAY WE </full></title><number>Vol-123</number><homepage>http://localhost/ceur-make-ui/CeurMakeGUI/index/PublishPage.html</homepage><language>ab</language><location>SDSDSD</location><date>2012-09-09</date><conference><acronym>ROHANACRONYM</acronym><full>FULL NAME OF CONFERENCE </full><homepage>http://localhost/ceur-make-ui/CeurMakeGUI/index/PublishPage.html</homepage></conference><editors><editor><name>DSADSA</name><affiliation>DSADSA</affiliation><country>Afghanistan</country><homepage>http://localhost/ceur-make-ui/CeurMakeGUI/index/PublishPage.html</homepage></editor></editors></workshop>
