<?xml version="1.0"?>
<workshop><title><id>32321</id><acronym>IEEEE</acronym><volume>dsajdladas</volume><full>dasdsa</full></title><number>Vol-123</number><homepage>http://localhost/ceur-make-ui/CeurMakeGUI/index/PublishPage.html</homepage><language>ab</language><location>sddsda</location><date>2009-09-09</date><conference><acronym>ROHAN</acronym><full>ROHAN</full><homepage>http://localhost/ceur-make-ui/CeurMakeGUI/index/PublishPage.html</homepage></conference><editors><editor><name>ROHAN</name><affiliation>ROHAN</affiliation><country>Afghanistan</country><homepage>http://localhost/ceur-make-ui/CeurMakeGUI/index/PublishPage.html</homepage></editor></editors></workshop>
