<?xml version="1.0"?>
<workshop><title><id>3123</id><acronym>IEEE</acronym><volume>sjlsda</volume><full>ljdlsajldjsa</full></title><number>Vol-123</number><homepage>http://localhost/ceur-make-ui/CeurMakeGUI/index/PublishPage.html</homepage><language>ab</language><location>sdadsa</location><date>2009-09-09</date><conference><acronym>ER</acronym><full>dsada</full><homepage>http://localhost/ceur-make-ui/CeurMakeGUI/index/PublishPage.html</homepage></conference><editors><editor><name>sddas</name><affiliation>dsada</affiliation><country>Afghanistan</country><homepage>http://localhost/ceur-make-ui/CeurMakeGUI/index/PublishPage.html</homepage></editor></editors></workshop>
